<?xml version="1.0" encoding="utf-8"?>
<?xml-stylesheet type='text/xsl' href='ConversionLogFile.xsl'?>
<LogFile projectName="AerosolHattıBağlamaMakinasıProjesi" typeText="Type" messageText="Message" timeText="Time">
  <MessageCell ServiceId="80" MessageId="30" MessageClass="Information" Timestamp="2/4/2024 5:54:36 PM">
    <Number ServiceNumber="80" MessageNumber="30" />
    <Text FeedbackText="Upgrade started" />
    <Help HelpId="-1" />
  </MessageCell>
  <Details ServiceId="80" MessageId="30" Timestamp="2/4/2024 5:54:38 PM" Debug="false">
    <Text>Reorganization succeed!</Text>
  </Details>
  <MessageCell ServiceId="80" MessageId="30" MessageClass="Information" Timestamp="2/4/2024 5:54:38 PM">
    <Number ServiceNumber="80" MessageNumber="30" />
    <Text FeedbackText="CheckRepair lost+found objects" />
    <Help HelpId="-1" />
  </MessageCell>
  <Details ServiceId="80" MessageId="30" Timestamp="2/4/2024 5:54:39 PM" Debug="false">
    <Text>No error is detected.</Text>
  </Details>
  <MessageCell ServiceId="80" MessageId="30" MessageClass="Information" Timestamp="2/4/2024 5:54:39 PM">
    <Number ServiceNumber="80" MessageNumber="30" />
    <Text FeedbackText="CheckRepair missing bidirectional links" />
    <Help HelpId="-1" />
  </MessageCell>
  <Details ServiceId="80" MessageId="30" Timestamp="2/4/2024 5:54:39 PM" Debug="false">
    <Text>No error is detected.</Text>
  </Details>
  <MessageCell ServiceId="80" MessageId="30" MessageClass="Information" Timestamp="2/4/2024 5:54:39 PM">
    <Number ServiceNumber="80" MessageNumber="30" />
    <Text FeedbackText="CheckRepair clear segment flags" />
    <Help HelpId="-1" />
  </MessageCell>
  <Details ServiceId="80" MessageId="30" Timestamp="2/4/2024 5:54:39 PM" Debug="false">
    <Text>No error is detected.</Text>
  </Details>
  <MessageCell ServiceId="80" MessageId="30" MessageClass="Information" Timestamp="2/4/2024 5:55:04 PM">
    <Number ServiceNumber="80" MessageNumber="30" />
    <Text FeedbackText="A user with the required engineering right &quot;ERROR: ResourceID 'ProjectManager.UpgradeProject' not found in resource of type Siemens.Automation.Umac.Resources.AccessControl.Administration.EngineeringRightsResources&quot; has logged on." />
    <Help HelpId="-1" />
  </MessageCell>
  <MessageCell ServiceId="80" MessageId="30" MessageClass="Information" Timestamp="2/4/2024 5:55:04 PM">
    <Number ServiceNumber="80" MessageNumber="30" />
    <Text FeedbackText="Starting removal of system role assignments compatibility from system device function rights" />
    <Help HelpId="-1" />
  </MessageCell>
  <MessageCell ServiceId="80" MessageId="30" MessageClass="Information" Timestamp="2/4/2024 5:55:04 PM">
    <Number ServiceNumber="80" MessageNumber="30" />
    <Text FeedbackText="Finished removal of system role assignments compatibility from system device function rights" />
    <Help HelpId="-1" />
  </MessageCell>
  <MessageCell ServiceId="80" MessageId="30" MessageClass="Information" Timestamp="2/4/2024 5:55:04 PM">
    <Number ServiceNumber="80" MessageNumber="30" />
    <Text FeedbackText="Removing outdated system roles." />
    <Help HelpId="-1" />
  </MessageCell>
  <MessageCell ServiceId="80" MessageId="30" MessageClass="Information" Timestamp="2/4/2024 5:55:04 PM">
    <Number ServiceNumber="80" MessageNumber="30" />
    <Text FeedbackText="The removal of outdated system roles has finished." />
    <Help HelpId="-1" />
  </MessageCell>
  <MessageCell ServiceId="80" MessageId="30" MessageClass="Information" Timestamp="2/4/2024 5:55:04 PM">
    <Number ServiceNumber="80" MessageNumber="30" />
    <Text FeedbackText="Starting change link between DFR and DFRSet" />
    <Help HelpId="-1" />
  </MessageCell>
  <MessageCell ServiceId="80" MessageId="30" MessageClass="Information" Timestamp="2/4/2024 5:55:05 PM">
    <Number ServiceNumber="80" MessageNumber="30" />
    <Text FeedbackText="Finished change link between DFR and DFRSet" />
    <Help HelpId="-1" />
  </MessageCell>
  <MessageCell ServiceId="80" MessageId="30" MessageClass="Warning" Timestamp="2/4/2024 5:55:16 PM">
    <Number ServiceNumber="80" MessageNumber="30" />
    <Text FeedbackText="Project element: '\PLC_1\ProgramBlocksFolder\Main' - Checksum inconsistency for 'Event'." />
    <Help HelpId="-1" />
  </MessageCell>
  <MessageCell ServiceId="80" MessageId="30" MessageClass="Warning" Timestamp="2/4/2024 5:55:16 PM">
    <Number ServiceNumber="80" MessageNumber="30" />
    <Text FeedbackText="Project element: '\PLC_1\ProgramBlocksFolder\SystemBlocksFolder\ProgramResourcesFolder\ZR1' - Checksum inconsistency for 'General'." />
    <Help HelpId="-1" />
  </MessageCell>
  <MessageCell ServiceId="80" MessageId="30" MessageClass="Warning" Timestamp="2/4/2024 5:55:16 PM">
    <Number ServiceNumber="80" MessageNumber="30" />
    <Text FeedbackText="Project element: '\PLC_1\ProgramBlocksFolder\SystemBlocksFolder\ProgramResourcesFolder\ZR2' - Checksum inconsistency for 'General'." />
    <Help HelpId="-1" />
  </MessageCell>
  <MessageCell ServiceId="80" MessageId="30" MessageClass="Warning" Timestamp="2/4/2024 5:55:16 PM">
    <Number ServiceNumber="80" MessageNumber="30" />
    <Text FeedbackText="Project element: '\PLC_1\ProgramBlocksFolder\SystemBlocksFolder\ProgramResourcesFolder\IEC_Timer_0_DB' - Checksum inconsistency for 'General'." />
    <Help HelpId="-1" />
  </MessageCell>
  <MessageCell ServiceId="80" MessageId="30" MessageClass="Information" Timestamp="2/4/2024 5:55:18 PM">
    <Number ServiceNumber="80" MessageNumber="30" />
    <Text FeedbackText="The cross-reference information is being converted." />
    <Help HelpId="-1" />
  </MessageCell>
  <MessageCell ServiceId="80" MessageId="30" MessageClass="Information" Timestamp="2/4/2024 5:55:19 PM">
    <Number ServiceNumber="80" MessageNumber="30" />
    <Text FeedbackText="The cross-reference information was created successfully." />
    <Help HelpId="-1" />
  </MessageCell>
  <MessageCell ServiceId="80" MessageId="30" MessageClass="Information" Timestamp="2/4/2024 5:55:19 PM">
    <Number ServiceNumber="80" MessageNumber="30" />
    <Text FeedbackText="Conversion of the cross-reference information is finished." />
    <Help HelpId="-1" />
  </MessageCell>
  <Details ServiceId="80" MessageId="30" Timestamp="2/4/2024 5:55:19 PM" Debug="false">
    <Text>Package container 'Siemens.Simatic.Lang.S7PSW.V16.0.0.0.NonMandatory' was deleted</Text>
  </Details>
  <MessageCell ServiceId="Automation-ObjectFrame-Feedbacks" MessageId="ConversionInfoTabProjectSucceeded" MessageClass="Success" Timestamp="2/4/2024 5:55:21 PM">
    <Number ServiceNumber="80" MessageNumber="34" />
    <Text FeedbackText="Project 'D:\PLC\S7 1200 Projeleri\AerosolHattıBağlamaMakinasıProjesi\System\PEData.plf' was successfully upgraded and saved as project 'D:\PLC\S7 1200 Projeleri\AerosolHattıBağlamaMakinasıProjesi_V17\System\PEData.plf'." />
    <Help HelpId="-1" HelpFile="" />
  </MessageCell>
  <MessageCell ServiceId="80" MessageId="30" MessageClass="Information" Timestamp="2/4/2024 5:55:21 PM">
    <Number ServiceNumber="80" MessageNumber="30" />
    <Text FeedbackText="FinalCheckRemainingErrors" />
    <Help HelpId="-1" />
  </MessageCell>
  <Details ServiceId="80" MessageId="30" Timestamp="2/4/2024 5:55:21 PM" Debug="false">
    <Text>No error is detected.</Text>
  </Details>
</LogFile>